ts,level,code,detail
2026-04-07T23:42:14-07:00,INFO,TIME_SYNC,delta_ms=7
2026-04-07T23:42:14-07:00,INFO,SELF_TEST,level1 bid=2248.87 ask=2248.88 symbol=ETH-USDT inc_p=0.01 inc_b=1E-7 minFunds=0.1
2026-04-07T23:42:14-07:00,INFO,MARGIN_CFG,isolated=1 tradeType=MARGIN_TRADE
2026-04-07T23:42:15-07:00,INFO,MARGIN_TRUTH_BOOT,open_n=0 sym_active=0 tradeType=MARGIN_TRADE
2026-04-07T23:42:15-07:00,INFO,CANDLES_LOADED,1m=100 5m=100 close=2248.88
2026-04-07T23:42:15-07:00,INFO,STATE_LOAD,mode=FLAT avg=None qty=0 cd=0s
2026-04-07T23:42:15-07:00,INFO,CANDLES_REFRESH,1m=100 5m=100 close=2248.88
2026-04-07T23:42:15-07:00,INFO,MARGIN_TRUTH,open_n=0 eff=0 sym_active=0 fetch_fail=0 tracked=0 query_fail=0 tradeType=MARGIN_TRADE
2026-04-07T23:42:15-07:00,INFO,HB,mode=FLAT px=2248.88 bid=2248.87 ask=2248.88 sprd=0.01 reg=CHOP p=0.38 chop=0.62 pb=0.26 dir=1 pos=0.00 side=- upnl=- avg=- hold=0s tp1=0.72% tp2=1.26% tp_mode=vol vol=0.00 norm=0.07 rsi=43.66 cd=0s obi=0.27 q_free=101.29 b_free=0.00 open=0 ws_age=9999s c1=0s c5=0s errs=0
2026-04-07T23:42:15-07:00,INFO,ORCH_NO_INTENT,reg=CHOP dir=1 p=0.38 pb=0.26 why=DIP:no_discount;TPB:p_trend_low;MOMO:p_trend_low;MOMO:atrp_low blocker_family=regime_unsuitable
2026-04-07T23:42:16-07:00,INFO,WS_UP,endpoint=wss://ws-api-spot.kucoin.com/
2026-04-07T23:42:31-07:00,INFO,HB,mode=FLAT px=2248.88 bid=2249.72 ask=2249.73 sprd=0.01 reg=CHOP p=0.38 chop=0.62 pb=0.26 dir=1 pos=0.00 side=- upnl=- avg=- hold=0s tp1=0.72% tp2=1.26% tp_mode=vol vol=0.00 norm=0.07 rsi=43.66 cd=0s obi=0.64 q_free=101.29 b_free=0.00 open=0 ws_age=0s c1=15s c5=15s errs=0
2026-04-07T23:42:45-07:00,INFO,CANDLES_REFRESH,1m=100 5m=100 close=2248.88
2026-04-07T23:42:46-07:00,INFO,HB,mode=FLAT px=2248.88 bid=2249.72 ask=2249.73 sprd=0.01 reg=CHOP p=0.38 chop=0.62 pb=0.26 dir=1 pos=0.00 side=- upnl=- avg=- hold=0s tp1=0.72% tp2=1.26% tp_mode=vol vol=0.00 norm=0.07 rsi=43.66 cd=0s obi=0.33 q_free=101.29 b_free=0.00 open=0 ws_age=0s c1=0s c5=0s errs=0
2026-04-07T23:43:01-07:00,INFO,HB,mode=FLAT px=2249.71 bid=2249.49 ask=2249.50 sprd=0.01 reg=CHOP p=0.38 chop=0.62 pb=0.26 dir=1 pos=0.00 side=- upnl=- avg=- hold=0s tp1=0.72% tp2=1.26% tp_mode=vol vol=0.00 norm=0.07 rsi=43.66 cd=0s obi=-0.65 q_free=101.29 b_free=0.00 open=0 ws_age=0s c1=15s c5=15s errs=0
2026-04-07T23:43:16-07:00,INFO,ORCH_NO_INTENT,reg=CHOP dir=1 p=0.38 pb=0.26 why=DIP:no_discount;TPB:p_trend_low;MOMO:p_trend_low;MOMO:atrp_low blocker_family=regime_unsuitable
2026-04-07T23:43:16-07:00,INFO,CANDLES_REFRESH,1m=100 5m=100 close=2248.35
2026-04-07T23:43:17-07:00,INFO,HB,mode=FLAT px=2248.35 bid=2248.34 ask=2248.35 sprd=0.01 reg=CHOP p=0.36 chop=0.64 pb=0.26 dir=1 pos=0.00 side=- upnl=- avg=- hold=0s tp1=0.72% tp2=1.26% tp_mode=vol vol=0.00 norm=0.07 rsi=38.36 cd=0s obi=0.50 q_free=101.29 b_free=0.00 open=0 ws_age=0s c1=1s c5=0s errs=0
2026-04-07T23:43:32-07:00,INFO,HB,mode=FLAT px=2248.34 bid=2248.34 ask=2248.35 sprd=0.01 reg=CHOP p=0.36 chop=0.64 pb=0.26 dir=1 pos=0.00 side=- upnl=- avg=- hold=0s tp1=0.72% tp2=1.26% tp_mode=vol vol=0.00 norm=0.07 rsi=38.36 cd=0s obi=0.67 q_free=101.29 b_free=0.00 open=0 ws_age=0s c1=16s c5=15s errs=0
2026-04-07T23:43:46-07:00,INFO,CANDLES_REFRESH,1m=100 5m=100 close=2248.38
2026-04-07T23:43:47-07:00,INFO,HB,mode=FLAT px=2248.38 bid=2248.76 ask=2248.77 sprd=0.01 reg=CHOP p=0.36 chop=0.64 pb=0.26 dir=1 pos=0.00 side=- upnl=- avg=- hold=0s tp1=0.72% tp2=1.26% tp_mode=vol vol=0.00 norm=0.07 rsi=38.46 cd=0s obi=-0.40 q_free=101.29 b_free=0.00 open=0 ws_age=0s c1=1s c5=0s errs=0
2026-04-07T23:44:02-07:00,INFO,HB,mode=FLAT px=2248.66 bid=2248.13 ask=2248.14 sprd=0.01 reg=CHOP p=0.36 chop=0.64 pb=0.26 dir=1 pos=0.00 side=- upnl=- avg=- hold=0s tp1=0.72% tp2=1.26% tp_mode=vol vol=0.00 norm=0.07 rsi=38.46 cd=0s obi=0.24 q_free=101.29 b_free=0.00 open=0 ws_age=0s c1=16s c5=16s errs=0
2026-04-07T23:44:16-07:00,INFO,ORCH_NO_INTENT,reg=CHOP dir=1 p=0.36 pb=0.26 why=DIP:no_discount;TPB:p_trend_low;MOMO:p_trend_low;MOMO:atrp_low blocker_family=regime_unsuitable
2026-04-07T23:44:16-07:00,INFO,CANDLES_REFRESH,1m=100 5m=100 close=2248.35
2026-04-07T23:44:18-07:00,INFO,HB,mode=FLAT px=2248.35 bid=2248.35 ask=2248.36 sprd=0.01 reg=CHOP p=0.35 chop=0.65 pb=0.26 dir=0 pos=0.00 side=- upnl=- avg=- hold=0s tp1=0.72% tp2=1.26% tp_mode=vol vol=0.00 norm=0.07 rsi=47.52 cd=0s obi=0.21 q_free=101.29 b_free=0.00 open=0 ws_age=0s c1=1s c5=1s errs=0
2026-04-07T23:44:33-07:00,INFO,HB,mode=FLAT px=2248.36 bid=2248.35 ask=2248.36 sprd=0.01 reg=CHOP p=0.35 chop=0.65 pb=0.26 dir=0 pos=0.00 side=- upnl=- avg=- hold=0s tp1=0.72% tp2=1.26% tp_mode=vol vol=0.00 norm=0.07 rsi=47.52 cd=0s obi=0.68 q_free=101.29 b_free=0.00 open=0 ws_age=0s c1=16s c5=16s errs=0
2026-04-07T23:44:46-07:00,INFO,CANDLES_REFRESH,1m=100 5m=100 close=2248.96
2026-04-07T23:44:48-07:00,INFO,HB,mode=FLAT px=2248.96 bid=2248.95 ask=2248.96 sprd=0.01 reg=CHOP p=0.35 chop=0.65 pb=0.26 dir=1 pos=0.00 side=- upnl=- avg=- hold=0s tp1=0.72% tp2=1.26% tp_mode=vol vol=0.00 norm=0.07 rsi=50.74 cd=0s obi=-0.91 q_free=101.29 b_free=0.00 open=0 ws_age=0s c1=1s c5=1s errs=0
2026-04-07T23:45:04-07:00,INFO,HB,mode=FLAT px=2248.96 bid=2249.40 ask=2249.41 sprd=0.01 reg=CHOP p=0.35 chop=0.65 pb=0.26 dir=1 pos=0.00 side=- upnl=- avg=- hold=0s tp1=0.72% tp2=1.26% tp_mode=vol vol=0.00 norm=0.07 rsi=50.74 cd=0s obi=-0.51 q_free=101.29 b_free=0.00 open=0 ws_age=0s c1=17s c5=17s errs=0
2026-04-07T23:45:16-07:00,INFO,ORCH_NO_INTENT,reg=CHOP dir=1 p=0.35 pb=0.26 why=DIP:no_discount;TPB:p_trend_low;MOMO:p_trend_low;MOMO:atrp_low blocker_family=regime_unsuitable
2026-04-07T23:45:17-07:00,INFO,CANDLES_REFRESH,1m=100 5m=100 close=2248.96
2026-04-07T23:45:19-07:00,INFO,HB,mode=FLAT px=2249.58 bid=2249.61 ask=2249.62 sprd=0.01 reg=CHOP p=0.39 chop=0.61 pb=0.25 dir=1 pos=0.00 side=- upnl=- avg=- hold=0s tp1=0.72% tp2=1.26% tp_mode=vol vol=0.00 norm=0.07 rsi=52.57 cd=0s obi=0.14 q_free=101.29 b_free=0.00 open=0 ws_age=0s c1=2s c5=2s errs=0
2026-04-07T23:45:34-07:00,INFO,HB,mode=FLAT px=2249.62 bid=2249.61 ask=2249.62 sprd=0.01 reg=CHOP p=0.39 chop=0.61 pb=0.25 dir=1 pos=0.00 side=- upnl=- avg=- hold=0s tp1=0.72% tp2=1.26% tp_mode=vol vol=0.00 norm=0.07 rsi=52.57 cd=0s obi=-0.27 q_free=101.29 b_free=0.00 open=0 ws_age=0s c1=17s c5=17s errs=0
2026-04-07T23:45:47-07:00,INFO,CANDLES_REFRESH,1m=100 5m=100 close=2249.75
2026-04-07T23:45:50-07:00,INFO,HB,mode=FLAT px=2249.09 bid=2249.08 ask=2249.09 sprd=0.01 reg=CHOP p=0.40 chop=0.60 pb=0.25 dir=1 pos=0.00 side=- upnl=- avg=- hold=0s tp1=0.72% tp2=1.26% tp_mode=vol vol=0.00 norm=0.07 rsi=56.35 cd=0s obi=-0.85 q_free=101.29 b_free=0.00 open=0 ws_age=0s c1=2s c5=2s errs=0
2026-04-07T23:46:05-07:00,INFO,HB,mode=FLAT px=2249.97 bid=2249.97 ask=2249.98 sprd=0.01 reg=CHOP p=0.40 chop=0.60 pb=0.25 dir=1 pos=0.00 side=- upnl=- avg=- hold=0s tp1=0.72% tp2=1.26% tp_mode=vol vol=0.00 norm=0.07 rsi=56.35 cd=0s obi=-0.71 q_free=101.29 b_free=0.00 open=0 ws_age=0s c1=17s c5=17s errs=0
2026-04-07T23:46:16-07:00,INFO,ORCH_NO_INTENT,reg=CHOP dir=1 p=0.40 pb=0.25 why=DIP:no_discount;TPB:p_trend_low;MOMO:p_trend_low;MOMO:atrp_low blocker_family=regime_unsuitable
2026-04-07T23:46:17-07:00,INFO,CANDLES_REFRESH,1m=100 5m=100 close=2250.00
2026-04-07T23:46:20-07:00,INFO,HB,mode=FLAT px=2250.22 bid=2249.92 ask=2249.93 sprd=0.01 reg=CHOP p=0.40 chop=0.60 pb=0.25 dir=1 pos=0.00 side=- upnl=- avg=- hold=0s tp1=0.72% tp2=1.26% tp_mode=vol vol=0.00 norm=0.07 rsi=50.23 cd=0s obi=0.90 q_free=101.29 b_free=0.00 open=0 ws_age=0s c1=3s c5=2s errs=0
2026-04-07T23:46:35-07:00,INFO,HB,mode=FLAT px=2250.02 bid=2250.01 ask=2250.02 sprd=0.01 reg=CHOP p=0.40 chop=0.60 pb=0.25 dir=1 pos=0.00 side=- upnl=- avg=- hold=0s tp1=0.72% tp2=1.26% tp_mode=vol vol=0.00 norm=0.07 rsi=50.23 cd=0s obi=0.33 q_free=101.29 b_free=0.00 open=0 ws_age=0s c1=18s c5=18s errs=0
2026-04-07T23:46:47-07:00,INFO,CANDLES_REFRESH,1m=100 5m=100 close=2250.01
2026-04-07T23:46:51-07:00,INFO,HB,mode=FLAT px=2249.83 bid=2249.83 ask=2249.84 sprd=0.01 reg=MIXED p=0.41 chop=0.59 pb=0.25 dir=1 pos=0.00 side=- upnl=- avg=- hold=0s tp1=0.72% tp2=1.26% tp_mode=vol vol=0.00 norm=0.07 rsi=50.29 cd=0s obi=0.82 q_free=101.29 b_free=0.00 open=0 ws_age=0s c1=3s c5=3s errs=0
2026-04-07T23:47:06-07:00,INFO,HB,mode=FLAT px=2249.95 bid=2249.94 ask=2249.95 sprd=0.01 reg=MIXED p=0.41 chop=0.59 pb=0.25 dir=1 pos=0.00 side=- upnl=- avg=- hold=0s tp1=0.72% tp2=1.26% tp_mode=vol vol=0.00 norm=0.07 rsi=50.29 cd=0s obi=0.35 q_free=101.29 b_free=0.00 open=0 ws_age=0s c1=18s c5=18s errs=0
2026-04-07T23:47:16-07:00,INFO,MARGIN_TRUTH,open_n=0 eff=0 sym_active=0 fetch_fail=0 tracked=0 query_fail=0 tradeType=MARGIN_TRADE
2026-04-07T23:47:16-07:00,INFO,ORCH_NO_INTENT,reg=MIXED dir=1 p=0.41 pb=0.25 why=DIP:no_discount;TPB:p_trend_low;MOMO:p_trend_low;MOMO:atrp_low blocker_family=regime_unsuitable
2026-04-07T23:47:18-07:00,INFO,CANDLES_REFRESH,1m=100 5m=100 close=2249.95
2026-04-07T23:47:21-07:00,INFO,HB,mode=FLAT px=2249.95 bid=2249.94 ask=2249.95 sprd=0.01 reg=MIXED p=0.40 chop=0.60 pb=0.25 dir=1 pos=0.00 side=- upnl=- avg=- hold=0s tp1=0.72% tp2=1.26% tp_mode=vol vol=0.00 norm=0.07 rsi=54.14 cd=0s obi=-0.28 q_free=101.29 b_free=0.00 open=0 ws_age=0s c1=3s c5=3s errs=0
2026-04-07T23:47:36-07:00,INFO,HB,mode=FLAT px=2249.61 bid=2249.61 ask=2249.62 sprd=0.01 reg=MIXED p=0.40 chop=0.60 pb=0.25 dir=1 pos=0.00 side=- upnl=- avg=- hold=0s tp1=0.72% tp2=1.26% tp_mode=vol vol=0.00 norm=0.07 rsi=54.14 cd=0s obi=0.21 q_free=101.29 b_free=0.00 open=0 ws_age=0s c1=18s c5=18s errs=0
2026-04-07T23:47:48-07:00,INFO,CANDLES_REFRESH,1m=100 5m=100 close=2250.00
2026-04-07T23:47:52-07:00,INFO,HB,mode=FLAT px=2250.00 bid=2250.00 ask=2250.01 sprd=0.01 reg=MIXED p=0.40 chop=0.60 pb=0.25 dir=1 pos=0.00 side=- upnl=- avg=- hold=0s tp1=0.72% tp2=1.26% tp_mode=vol vol=0.00 norm=0.07 rsi=54.42 cd=0s obi=0.29 q_free=101.29 b_free=0.00 open=0 ws_age=0s c1=3s c5=3s errs=0
2026-04-07T23:48:07-07:00,INFO,HB,mode=FLAT px=2250.12 bid=2249.70 ask=2249.71 sprd=0.01 reg=MIXED p=0.40 chop=0.60 pb=0.25 dir=1 pos=0.00 side=- upnl=- avg=- hold=0s tp1=0.72% tp2=1.26% tp_mode=vol vol=0.00 norm=0.07 rsi=54.42 cd=0s obi=0.30 q_free=101.29 b_free=0.00 open=0 ws_age=0s c1=19s c5=18s errs=0
2026-04-07T23:48:16-07:00,INFO,ORCH_NO_INTENT,reg=MIXED dir=1 p=0.40 pb=0.25 why=DIP:no_discount;TPB:p_trend_low;MOMO:p_trend_low;MOMO:atrp_low blocker_family=regime_unsuitable
2026-04-07T23:48:18-07:00,INFO,CANDLES_REFRESH,1m=100 5m=100 close=2250.22
2026-04-07T23:48:23-07:00,INFO,HB,mode=FLAT px=2250.22 bid=2249.97 ask=2249.98 sprd=0.01 reg=MIXED p=0.40 chop=0.60 pb=0.25 dir=1 pos=0.00 side=- upnl=- avg=- hold=0s tp1=0.72% tp2=1.26% tp_mode=vol vol=0.00 norm=0.07 rsi=62.28 cd=0s obi=-0.04 q_free=101.29 b_free=0.00 open=0 ws_age=0s c1=4s c5=4s errs=0
2026-04-07T23:48:38-07:00,INFO,HB,mode=FLAT px=2249.59 bid=2249.90 ask=2249.91 sprd=0.01 reg=MIXED p=0.40 chop=0.60 pb=0.25 dir=1 pos=0.00 side=- upnl=- avg=- hold=0s tp1=0.72% tp2=1.26% tp_mode=vol vol=0.00 norm=0.07 rsi=62.28 cd=0s obi=-0.03 q_free=101.29 b_free=0.00 open=0 ws_age=0s c1=19s c5=19s errs=0
2026-04-07T23:48:48-07:00,INFO,CANDLES_REFRESH,1m=100 5m=100 close=2249.90
2026-04-07T23:48:53-07:00,INFO,HB,mode=FLAT px=2249.91 bid=2250.23 ask=2250.24 sprd=0.01 reg=MIXED p=0.40 chop=0.60 pb=0.25 dir=1 pos=0.00 side=- upnl=- avg=- hold=0s tp1=0.72% tp2=1.26% tp_mode=vol vol=0.00 norm=0.07 rsi=60.08 cd=0s obi=-0.08 q_free=101.29 b_free=0.00 open=0 ws_age=0s c1=4s c5=4s errs=0
2026-04-07T23:49:08-07:00,INFO,HB,mode=FLAT px=2249.63 bid=2249.62 ask=2249.63 sprd=0.01 reg=MIXED p=0.40 chop=0.60 pb=0.25 dir=1 pos=0.00 side=- upnl=- avg=- hold=0s tp1=0.72% tp2=1.26% tp_mode=vol vol=0.00 norm=0.07 rsi=60.08 cd=0s obi=-0.28 q_free=101.29 b_free=0.00 open=0 ws_age=0s c1=19s c5=19s errs=0
2026-04-07T23:49:17-07:00,INFO,ORCH_NO_INTENT,reg=MIXED dir=1 p=0.40 pb=0.25 why=DIP:no_discount;TPB:p_trend_low;MOMO:p_trend_low;MOMO:atrp_low blocker_family=regime_unsuitable
2026-04-07T23:49:19-07:00,INFO,CANDLES_REFRESH,1m=100 5m=100 close=2249.00
2026-04-07T23:49:24-07:00,INFO,HB,mode=FLAT px=2248.80 bid=2248.61 ask=2248.62 sprd=0.01 reg=MIXED p=0.37 chop=0.63 pb=0.25 dir=1 pos=0.00 side=- upnl=- avg=- hold=0s tp1=0.72% tp2=1.26% tp_mode=vol vol=0.00 norm=0.07 rsi=50.86 cd=0s obi=-0.80 q_free=101.29 b_free=0.00 open=0 ws_age=0s c1=5s c5=5s errs=0
2026-04-07T23:49:39-07:00,INFO,HB,mode=FLAT px=2248.62 bid=2248.61 ask=2248.62 sprd=0.01 reg=MIXED p=0.37 chop=0.63 pb=0.25 dir=1 pos=0.00 side=- upnl=- avg=- hold=0s tp1=0.72% tp2=1.26% tp_mode=vol vol=0.00 norm=0.07 rsi=50.86 cd=0s obi=-0.47 q_free=101.29 b_free=0.00 open=0 ws_age=0s c1=20s c5=20s errs=0
2026-04-07T23:49:49-07:00,INFO,CANDLES_REFRESH,1m=100 5m=100 close=2247.32
2026-04-07T23:49:54-07:00,INFO,HB,mode=FLAT px=2247.32 bid=2247.41 ask=2247.42 sprd=0.01 reg=CHOP p=0.33 chop=0.67 pb=0.26 dir=0 pos=0.00 side=- upnl=- avg=- hold=0s tp1=0.72% tp2=1.26% tp_mode=vol vol=0.00 norm=0.08 rsi=42.17 cd=0s obi=0.86 q_free=101.29 b_free=0.00 open=0 ws_age=0s c1=5s c5=5s errs=0
2026-04-07T23:50:10-07:00,INFO,HB,mode=FLAT px=2247.51 bid=2247.50 ask=2247.51 sprd=0.01 reg=CHOP p=0.33 chop=0.67 pb=0.26 dir=0 pos=0.00 side=- upnl=- avg=- hold=0s tp1=0.72% tp2=1.26% tp_mode=vol vol=0.00 norm=0.08 rsi=42.17 cd=0s obi=0.59 q_free=101.29 b_free=0.00 open=0 ws_age=0s c1=20s c5=20s errs=0
2026-04-07T23:50:17-07:00,INFO,ORCH_NO_INTENT,reg=CHOP dir=0 p=0.33 pb=0.26 why=neutral_no_side blocker_family=neutral_no_side
2026-04-07T23:50:19-07:00,INFO,CANDLES_REFRESH,1m=100 5m=100 close=2249.08
2026-04-07T23:50:25-07:00,INFO,HB,mode=FLAT px=2249.08 bid=2249.07 ask=2249.08 sprd=0.01 reg=CHOP p=0.33 chop=0.67 pb=0.24 dir=0 pos=0.00 side=- upnl=- avg=- hold=0s tp1=0.72% tp2=1.26% tp_mode=vol vol=0.00 norm=0.08 rsi=49.17 cd=0s obi=0.66 q_free=101.29 b_free=0.00 open=0 ws_age=0s c1=6s c5=5s errs=0
2026-04-07T23:50:41-07:00,INFO,HB,mode=FLAT px=2249.07 bid=2248.79 ask=2248.80 sprd=0.01 reg=CHOP p=0.33 chop=0.67 pb=0.24 dir=0 pos=0.00 side=- upnl=- avg=- hold=0s tp1=0.72% tp2=1.26% tp_mode=vol vol=0.00 norm=0.08 rsi=49.17 cd=0s obi=-0.29 q_free=101.29 b_free=0.00 open=0 ws_age=0s c1=21s c5=21s errs=0
2026-04-07T23:50:49-07:00,INFO,CANDLES_REFRESH,1m=100 5m=100 close=2248.79
2026-04-07T23:50:56-07:00,INFO,HB,mode=FLAT px=2248.67 bid=2248.07 ask=2248.08 sprd=0.01 reg=CHOP p=0.33 chop=0.67 pb=0.24 dir=0 pos=0.00 side=- upnl=- avg=- hold=0s tp1=0.72% tp2=1.26% tp_mode=vol vol=0.00 norm=0.08 rsi=47.78 cd=0s obi=0.79 q_free=101.29 b_free=0.00 open=0 ws_age=0s c1=6s c5=6s errs=0
2026-04-07T23:51:11-07:00,INFO,HB,mode=FLAT px=2247.78 bid=2247.60 ask=2247.61 sprd=0.01 reg=CHOP p=0.33 chop=0.67 pb=0.24 dir=0 pos=0.00 side=- upnl=- avg=- hold=0s tp1=0.72% tp2=1.26% tp_mode=vol vol=0.00 norm=0.08 rsi=47.78 cd=0s obi=-0.67 q_free=101.29 b_free=0.00 open=0 ws_age=0s c1=21s c5=21s errs=0
2026-04-07T23:51:17-07:00,INFO,ORCH_NO_INTENT,reg=CHOP dir=0 p=0.33 pb=0.24 why=neutral_no_side blocker_family=neutral_no_side
2026-04-07T23:51:20-07:00,INFO,CANDLES_REFRESH,1m=100 5m=100 close=2247.16
2026-04-07T23:51:27-07:00,INFO,HB,mode=FLAT px=2247.16 bid=2247.05 ask=2247.06 sprd=0.01 reg=CHOP p=0.32 chop=0.68 pb=0.25 dir=0 pos=0.00 side=- upnl=- avg=- hold=0s tp1=0.72% tp2=1.26% tp_mode=vol vol=0.00 norm=0.08 rsi=40.07 cd=0s obi=-0.36 q_free=101.29 b_free=0.00 open=0 ws_age=0s c1=6s c5=6s errs=0
2026-04-07T23:51:42-07:00,INFO,HB,mode=FLAT px=2247.75 bid=2247.74 ask=2247.75 sprd=0.01 reg=CHOP p=0.32 chop=0.68 pb=0.25 dir=0 pos=0.00 side=- upnl=- avg=- hold=0s tp1=0.72% tp2=1.26% tp_mode=vol vol=0.00 norm=0.08 rsi=40.07 cd=0s obi=0.18 q_free=101.29 b_free=0.00 open=0 ws_age=0s c1=22s c5=22s errs=0
2026-04-07T23:51:50-07:00,INFO,CANDLES_REFRESH,1m=100 5m=100 close=2247.75
2026-04-07T23:51:57-07:00,INFO,HB,mode=FLAT px=2247.64 bid=2247.22 ask=2247.23 sprd=0.01 reg=CHOP p=0.32 chop=0.68 pb=0.25 dir=0 pos=0.00 side=- upnl=- avg=- hold=0s tp1=0.72% tp2=1.26% tp_mode=vol vol=0.00 norm=0.08 rsi=42.37 cd=0s obi=0.52 q_free=101.29 b_free=0.00 open=0 ws_age=0s c1=7s c5=7s errs=0
2026-04-07T23:52:12-07:00,INFO,HB,mode=FLAT px=2247.22 bid=2247.22 ask=2247.23 sprd=0.01 reg=CHOP p=0.32 chop=0.68 pb=0.25 dir=0 pos=0.00 side=- upnl=- avg=- hold=0s tp1=0.72% tp2=1.26% tp_mode=vol vol=0.00 norm=0.08 rsi=42.37 cd=0s obi=-0.81 q_free=101.29 b_free=0.00 open=0 ws_age=0s c1=22s c5=22s errs=0
2026-04-07T23:52:17-07:00,INFO,MARGIN_TRUTH,open_n=0 eff=0 sym_active=0 fetch_fail=0 tracked=0 query_fail=0 tradeType=MARGIN_TRADE
2026-04-07T23:52:17-07:00,INFO,ORCH_NO_INTENT,reg=CHOP dir=0 p=0.32 pb=0.25 why=neutral_no_side blocker_family=neutral_no_side
2026-04-07T23:52:20-07:00,INFO,CANDLES_REFRESH,1m=100 5m=100 close=2247.23
2026-04-07T23:52:28-07:00,INFO,HB,mode=FLAT px=2247.22 bid=2247.22 ask=2247.23 sprd=0.01 reg=CHOP p=0.32 chop=0.68 pb=0.25 dir=0 pos=0.00 side=- upnl=- avg=- hold=0s tp1=0.72% tp2=1.26% tp_mode=vol vol=0.00 norm=0.08 rsi=35.24 cd=0s obi=-0.16 q_free=101.29 b_free=0.00 open=0 ws_age=0s c1=7s c5=7s errs=0
2026-04-07T23:52:43-07:00,INFO,HB,mode=FLAT px=2247.23 bid=2247.22 ask=2247.23 sprd=0.01 reg=CHOP p=0.32 chop=0.68 pb=0.25 dir=0 pos=0.00 side=- upnl=- avg=- hold=0s tp1=0.72% tp2=1.26% tp_mode=vol vol=0.00 norm=0.08 rsi=35.24 cd=0s obi=-0.14 q_free=101.29 b_free=0.00 open=0 ws_age=0s c1=22s c5=22s errs=0
2026-04-07T23:52:50-07:00,INFO,CANDLES_REFRESH,1m=100 5m=100 close=2246.93
2026-04-07T23:52:58-07:00,INFO,HB,mode=FLAT px=2246.91 bid=2246.67 ask=2246.68 sprd=0.01 reg=CHOP p=0.32 chop=0.68 pb=0.25 dir=0 pos=0.00 side=- upnl=- avg=- hold=0s tp1=0.72% tp2=1.26% tp_mode=vol vol=0.00 norm=0.08 rsi=34.21 cd=0s obi=-0.30 q_free=101.29 b_free=0.00 open=0 ws_age=0s c1=7s c5=7s errs=0
2026-04-07T23:53:14-07:00,INFO,HB,mode=FLAT px=2247.17 bid=2246.92 ask=2246.93 sprd=0.01 reg=CHOP p=0.32 chop=0.68 pb=0.25 dir=0 pos=0.00 side=- upnl=- avg=- hold=0s tp1=0.72% tp2=1.26% tp_mode=vol vol=0.00 norm=0.08 rsi=34.21 cd=0s obi=-0.41 q_free=101.29 b_free=0.00 open=0 ws_age=0s c1=23s c5=22s errs=0
2026-04-07T23:53:18-07:00,INFO,ORCH_NO_INTENT,reg=CHOP dir=0 p=0.32 pb=0.25 why=neutral_no_side blocker_family=neutral_no_side
2026-04-07T23:53:21-07:00,INFO,CANDLES_REFRESH,1m=100 5m=100 close=2246.91
2026-04-07T23:53:29-07:00,INFO,HB,mode=FLAT px=2246.91 bid=2246.69 ask=2246.70 sprd=0.01 reg=CHOP p=0.32 chop=0.68 pb=0.26 dir=0 pos=0.00 side=- upnl=- avg=- hold=0s tp1=0.72% tp2=1.26% tp_mode=vol vol=0.00 norm=0.08 rsi=40.65 cd=0s obi=-0.11 q_free=101.29 b_free=0.00 open=0 ws_age=0s c1=8s c5=7s errs=0
2026-04-07T23:53:44-07:00,INFO,HB,mode=FLAT px=2246.91 bid=2246.69 ask=2246.70 sprd=0.01 reg=CHOP p=0.32 chop=0.68 pb=0.26 dir=0 pos=0.00 side=- upnl=- avg=- hold=0s tp1=0.72% tp2=1.26% tp_mode=vol vol=0.00 norm=0.08 rsi=40.65 cd=0s obi=-0.23 q_free=101.29 b_free=0.00 open=0 ws_age=0s c1=23s c5=23s errs=0
2026-04-07T23:53:51-07:00,INFO,CANDLES_REFRESH,1m=100 5m=100 close=2246.69
2026-04-07T23:53:59-07:00,INFO,HB,mode=FLAT px=2246.89 bid=2246.88 ask=2246.89 sprd=0.01 reg=CHOP p=0.32 chop=0.68 pb=0.26 dir=0 pos=0.00 side=- upnl=- avg=- hold=0s tp1=0.72% tp2=1.26% tp_mode=vol vol=0.00 norm=0.08 rsi=39.20 cd=0s obi=-0.03 q_free=101.29 b_free=0.00 open=0 ws_age=0s c1=8s c5=8s errs=0
2026-04-07T23:54:15-07:00,INFO,HB,mode=FLAT px=2245.98 bid=2245.97 ask=2245.98 sprd=0.01 reg=CHOP p=0.32 chop=0.68 pb=0.26 dir=0 pos=0.00 side=- upnl=- avg=- hold=0s tp1=0.72% tp2=1.26% tp_mode=vol vol=0.00 norm=0.08 rsi=39.20 cd=0s obi=-0.53 q_free=101.29 b_free=0.00 open=0 ws_age=0s c1=23s c5=23s errs=0
2026-04-07T23:54:18-07:00,INFO,ORCH_NO_INTENT,reg=CHOP dir=0 p=0.32 pb=0.26 why=neutral_no_side blocker_family=neutral_no_side
2026-04-07T23:54:21-07:00,INFO,CANDLES_REFRESH,1m=100 5m=100 close=2245.96
2026-04-07T23:54:30-07:00,INFO,HB,mode=FLAT px=2245.68 bid=2245.67 ask=2245.68 sprd=0.01 reg=CHOP p=0.32 chop=0.68 pb=0.26 dir=0 pos=0.00 side=- upnl=- avg=- hold=0s tp1=0.72% tp2=1.26% tp_mode=vol vol=0.00 norm=0.09 rsi=32.77 cd=0s obi=0.79 q_free=101.29 b_free=0.00 open=0 ws_age=0s c1=8s c5=8s errs=0
2026-04-07T23:54:45-07:00,INFO,HB,mode=FLAT px=2245.68 bid=2245.82 ask=2245.83 sprd=0.01 reg=CHOP p=0.32 chop=0.68 pb=0.26 dir=0 pos=0.00 side=- upnl=- avg=- hold=0s tp1=0.72% tp2=1.26% tp_mode=vol vol=0.00 norm=0.09 rsi=32.77 cd=0s obi=0.82 q_free=101.29 b_free=0.00 open=0 ws_age=0s c1=23s c5=23s errs=0
2026-04-07T23:54:51-07:00,INFO,CANDLES_REFRESH,1m=100 5m=100 close=2245.82
2026-04-07T23:55:00-07:00,INFO,HB,mode=FLAT px=2246.59 bid=2246.11 ask=2246.12 sprd=0.01 reg=CHOP p=0.32 chop=0.68 pb=0.26 dir=0 pos=0.00 side=- upnl=- avg=- hold=0s tp1=0.72% tp2=1.26% tp_mode=vol vol=0.00 norm=0.09 rsi=32.30 cd=0s obi=-0.64 q_free=101.29 b_free=0.00 open=0 ws_age=0s c1=8s c5=8s errs=0
2026-04-07T23:55:16-07:00,INFO,HB,mode=FLAT px=2246.10 bid=2246.03 ask=2246.04 sprd=0.01 reg=CHOP p=0.32 chop=0.68 pb=0.26 dir=0 pos=0.00 side=- upnl=- avg=- hold=0s tp1=0.72% tp2=1.26% tp_mode=vol vol=0.00 norm=0.09 rsi=32.30 cd=0s obi=-0.44 q_free=101.29 b_free=0.00 open=0 ws_age=0s c1=24s c5=24s errs=0
2026-04-07T23:55:18-07:00,INFO,ORCH_NO_INTENT,reg=CHOP dir=0 p=0.32 pb=0.26 why=neutral_no_side blocker_family=neutral_no_side
2026-04-07T23:55:22-07:00,INFO,CANDLES_REFRESH,1m=100 5m=100 close=2246.10
2026-04-07T23:55:31-07:00,INFO,HB,mode=FLAT px=2245.92 bid=2245.83 ask=2245.84 sprd=0.01 reg=CHOP p=0.30 chop=0.70 pb=0.26 dir=0 pos=0.00 side=- upnl=- avg=- hold=0s tp1=0.72% tp2=1.26% tp_mode=vol vol=0.00 norm=0.08 rsi=33.91 cd=0s obi=-0.25 q_free=101.29 b_free=0.00 open=0 ws_age=0s c1=9s c5=9s errs=0
2026-04-07T23:55:46-07:00,INFO,HB,mode=FLAT px=2245.20 bid=2245.19 ask=2245.20 sprd=0.01 reg=CHOP p=0.30 chop=0.70 pb=0.26 dir=0 pos=0.00 side=- upnl=- avg=- hold=0s tp1=0.72% tp2=1.26% tp_mode=vol vol=0.00 norm=0.08 rsi=33.91 cd=0s obi=-0.73 q_free=101.29 b_free=0.00 open=0 ws_age=0s c1=24s c5=24s errs=0
2026-04-07T23:55:52-07:00,INFO,CANDLES_REFRESH,1m=100 5m=100 close=2245.19
2026-04-07T23:56:02-07:00,INFO,HB,mode=FLAT px=2245.28 bid=2245.54 ask=2245.55 sprd=0.01 reg=CHOP p=0.30 chop=0.70 pb=0.26 dir=0 pos=0.00 side=- upnl=- avg=- hold=0s tp1=0.72% tp2=1.26% tp_mode=vol vol=0.00 norm=0.08 rsi=30.87 cd=0s obi=0.47 q_free=101.29 b_free=0.00 open=0 ws_age=0s c1=9s c5=9s errs=0
2026-04-07T23:56:17-07:00,INFO,HB,mode=FLAT px=2245.96 bid=2245.95 ask=2245.96 sprd=0.01 reg=CHOP p=0.30 chop=0.70 pb=0.26 dir=0 pos=0.00 side=- upnl=- avg=- hold=0s tp1=0.72% tp2=1.26% tp_mode=vol vol=0.00 norm=0.08 rsi=30.87 cd=0s obi=0.45 q_free=101.29 b_free=0.00 open=0 ws_age=0s c1=24s c5=24s errs=0
2026-04-07T23:56:18-07:00,INFO,ORCH_NO_INTENT,reg=CHOP dir=0 p=0.30 pb=0.26 why=neutral_no_side blocker_family=neutral_no_side
2026-04-07T23:56:22-07:00,INFO,CANDLES_REFRESH,1m=100 5m=100 close=2245.95
2026-04-07T23:56:32-07:00,INFO,HB,mode=FLAT px=2245.86 bid=2245.85 ask=2245.86 sprd=0.01 reg=CHOP p=0.30 chop=0.70 pb=0.26 dir=0 pos=0.00 side=- upnl=- avg=- hold=0s tp1=0.72% tp2=1.26% tp_mode=vol vol=0.00 norm=0.08 rsi=31.21 cd=0s obi=-0.86 q_free=101.29 b_free=0.00 open=0 ws_age=0s c1=9s c5=9s errs=0
2026-04-07T23:56:47-07:00,INFO,HB,mode=FLAT px=2245.43 bid=2245.51 ask=2245.52 sprd=0.01 reg=CHOP p=0.30 chop=0.70 pb=0.26 dir=0 pos=0.00 side=- upnl=- avg=- hold=0s tp1=0.72% tp2=1.26% tp_mode=vol vol=0.00 norm=0.08 rsi=31.21 cd=0s obi=-0.26 q_free=101.29 b_free=0.00 open=0 ws_age=0s c1=25s c5=25s errs=0
2026-04-07T23:56:52-07:00,INFO,CANDLES_REFRESH,1m=100 5m=100 close=2245.75
2026-04-07T23:57:03-07:00,INFO,HB,mode=FLAT px=2245.43 bid=2245.42 ask=2245.43 sprd=0.01 reg=CHOP p=0.29 chop=0.71 pb=0.26 dir=0 pos=0.00 side=- upnl=- avg=- hold=0s tp1=0.72% tp2=1.26% tp_mode=vol vol=0.00 norm=0.08 rsi=29.82 cd=0s obi=-0.04 q_free=101.29 b_free=0.00 open=0 ws_age=0s c1=10s c5=10s errs=0
2026-04-07T23:57:18-07:00,INFO,MARGIN_TRUTH,open_n=0 eff=0 sym_active=0 fetch_fail=0 tracked=0 query_fail=0 tradeType=MARGIN_TRADE
2026-04-07T23:57:18-07:00,INFO,HB,mode=FLAT px=2245.60 bid=2245.59 ask=2245.60 sprd=0.01 reg=CHOP p=0.29 chop=0.71 pb=0.26 dir=0 pos=0.00 side=- upnl=- avg=- hold=0s tp1=0.72% tp2=1.26% tp_mode=vol vol=0.00 norm=0.08 rsi=29.82 cd=0s obi=-0.04 q_free=101.29 b_free=0.00 open=0 ws_age=0s c1=25s c5=25s errs=0
2026-04-07T23:57:19-07:00,INFO,ORCH_NO_INTENT,reg=CHOP dir=0 p=0.29 pb=0.26 why=neutral_no_side blocker_family=neutral_no_side
2026-04-07T23:57:23-07:00,INFO,CANDLES_REFRESH,1m=100 5m=100 close=2245.60
2026-04-07T23:57:33-07:00,INFO,HB,mode=FLAT px=2245.61 bid=2245.60 ask=2245.61 sprd=0.01 reg=CHOP p=0.30 chop=0.70 pb=0.27 dir=0 pos=0.00 side=- upnl=- avg=- hold=0s tp1=0.72% tp2=1.26% tp_mode=vol vol=0.00 norm=0.08 rsi=32.29 cd=0s obi=0.12 q_free=101.29 b_free=0.00 open=0 ws_age=0s c1=10s c5=10s errs=0
2026-04-07T23:57:49-07:00,INFO,HB,mode=FLAT px=2245.82 bid=2245.82 ask=2245.83 sprd=0.01 reg=CHOP p=0.30 chop=0.70 pb=0.27 dir=0 pos=0.00 side=- upnl=- avg=- hold=0s tp1=0.72% tp2=1.26% tp_mode=vol vol=0.00 norm=0.08 rsi=32.29 cd=0s obi=0.95 q_free=101.29 b_free=0.00 open=0 ws_age=0s c1=25s c5=25s errs=0
2026-04-07T23:57:53-07:00,INFO,CANDLES_REFRESH,1m=100 5m=100 close=2245.82
2026-04-07T23:58:04-07:00,INFO,HB,mode=FLAT px=2245.85 bid=2245.89 ask=2245.90 sprd=0.01 reg=CHOP p=0.30 chop=0.70 pb=0.27 dir=0 pos=0.00 side=- upnl=- avg=- hold=0s tp1=0.72% tp2=1.26% tp_mode=vol vol=0.00 norm=0.08 rsi=33.97 cd=0s obi=0.73 q_free=101.29 b_free=0.00 open=0 ws_age=0s c1=10s c5=10s errs=0
2026-04-07T23:58:19-07:00,INFO,HB,mode=FLAT px=2246.00 bid=2246.00 ask=2246.01 sprd=0.01 reg=CHOP p=0.30 chop=0.70 pb=0.27 dir=0 pos=0.00 side=- upnl=- avg=- hold=0s tp1=0.72% tp2=1.26% tp_mode=vol vol=0.00 norm=0.08 rsi=33.97 cd=0s obi=0.87 q_free=101.29 b_free=0.00 open=0 ws_age=0s c1=26s c5=26s errs=0
2026-04-07T23:58:20-07:00,INFO,ORCH_NO_INTENT,reg=CHOP dir=0 p=0.30 pb=0.27 why=neutral_no_side blocker_family=neutral_no_side
2026-04-07T23:58:23-07:00,INFO,CANDLES_REFRESH,1m=100 5m=100 close=2246.00
2026-04-07T23:58:34-07:00,INFO,HB,mode=FLAT px=2246.03 bid=2246.03 ask=2246.04 sprd=0.01 reg=CHOP p=0.31 chop=0.69 pb=0.28 dir=0 pos=0.00 side=- upnl=- avg=- hold=0s tp1=0.72% tp2=1.26% tp_mode=vol vol=0.00 norm=0.08 rsi=33.07 cd=0s obi=-0.21 q_free=101.29 b_free=0.00 open=0 ws_age=0s c1=11s c5=11s errs=0
2026-04-07T23:58:50-07:00,INFO,HB,mode=FLAT px=2246.03 bid=2246.03 ask=2246.04 sprd=0.01 reg=CHOP p=0.31 chop=0.69 pb=0.28 dir=0 pos=0.00 side=- upnl=- avg=- hold=0s tp1=0.72% tp2=1.26% tp_mode=vol vol=0.00 norm=0.08 rsi=33.07 cd=0s obi=-0.34 q_free=101.29 b_free=0.00 open=0 ws_age=0s c1=26s c5=26s errs=0
2026-04-07T23:58:53-07:00,INFO,CANDLES_REFRESH,1m=100 5m=100 close=2245.98
2026-04-07T23:59:05-07:00,INFO,HB,mode=FLAT px=2245.92 bid=2245.91 ask=2245.92 sprd=0.01 reg=CHOP p=0.31 chop=0.69 pb=0.28 dir=0 pos=0.00 side=- upnl=- avg=- hold=0s tp1=0.72% tp2=1.26% tp_mode=vol vol=0.00 norm=0.08 rsi=32.91 cd=0s obi=0.13 q_free=101.29 b_free=0.00 open=0 ws_age=0s c1=11s c5=11s errs=0
2026-04-07T23:59:20-07:00,INFO,HB,mode=FLAT px=2245.89 bid=2245.89 ask=2245.90 sprd=0.01 reg=CHOP p=0.31 chop=0.69 pb=0.28 dir=0 pos=0.00 side=- upnl=- avg=- hold=0s tp1=0.72% tp2=1.26% tp_mode=vol vol=0.00 norm=0.08 rsi=32.91 cd=0s obi=-0.58 q_free=101.29 b_free=0.00 open=0 ws_age=0s c1=26s c5=26s errs=0
2026-04-07T23:59:21-07:00,INFO,ORCH_NO_INTENT,reg=CHOP dir=0 p=0.31 pb=0.28 why=neutral_no_side blocker_family=neutral_no_side
2026-04-07T23:59:24-07:00,INFO,CANDLES_REFRESH,1m=100 5m=100 close=2245.89
2026-04-07T23:59:36-07:00,INFO,HB,mode=FLAT px=2245.85 bid=2245.67 ask=2245.68 sprd=0.01 reg=CHOP p=0.32 chop=0.68 pb=0.29 dir=0 pos=0.00 side=- upnl=- avg=- hold=0s tp1=0.72% tp2=1.26% tp_mode=vol vol=0.00 norm=0.08 rsi=27.68 cd=0s obi=-0.44 q_free=101.29 b_free=0.00 open=0 ws_age=0s c1=11s c5=11s errs=0
2026-04-07T23:59:51-07:00,INFO,HB,mode=FLAT px=2245.68 bid=2245.67 ask=2245.68 sprd=0.01 reg=CHOP p=0.32 chop=0.68 pb=0.29 dir=0 pos=0.00 side=- upnl=- avg=- hold=0s tp1=0.72% tp2=1.26% tp_mode=vol vol=0.00 norm=0.08 rsi=27.68 cd=0s obi=0.80 q_free=101.29 b_free=0.00 open=0 ws_age=0s c1=27s c5=27s errs=0
2026-04-07T23:59:54-07:00,INFO,CANDLES_REFRESH,1m=100 5m=100 close=2245.68
